<?xml version="1.0" encoding="UTF-8"?>
<!DOCTYPE struts PUBLIC
"-//Apache Software Foundation//DTD Struts Configuration 2.0//EN"
"http://struts.apache.org/dtds/struts-2.0.dtd">
 
<struts>
 	<constant name="struts.devMode" value="true" />
 	<constant name="struts.objectFactory" value="spring" />
 	
	<package name="mavengitpackage" namespace="/" extends="struts-default">
		
		<action name="home" class="homeAction">
			<result name="success">pages/index.jsp</result>
		</action>
		
	</package>
	
</struts>