<?xml version="1.0" encoding="UTF-8"?>
<!DOCTYPE beans PUBLIC "-//SPRING//DTD BEAN//EN" 
"http://www.springframework.org/dtd/spring-beans.dtd">
<beans>
<bean id="hibernateTemplate" class="org.springframework.orm.hibernate3.HibernateTemplate">
		<property name="sessionFactory" ref="sessionFactory" />
	</bean>
	
	<bean id="sessionFactory"
		class="org.springframework.orm.hibernate3.annotation.AnnotationSessionFactoryBean">

		<property name="dataSource">
			<ref bean="dataSource" />
		</property>

		<property name="hibernateProperties">
			<props>
				<prop key="hibernate.dialect">org.hibernate.dialect.MySQLDialect</prop>
				<prop key="hibernate.show_sql">true</prop>
				<prop key="hibernate.connection.autocommit">true</prop>
			</props>
		</property>

		<property name="annotatedClasses">
			<list>
				<value>com.tcs.experian.mavengit.app.entity.User</value>
			</list>
		</property>

	</bean>
	<bean id="txManager"
		class="org.springframework.orm.hibernate3.HibernateTransactionManager">
		<property name="sessionFactory" ref="sessionFactory" />
	</bean>

	<bean id="persistenceExceptionTranslationPostProcessor"
		class="org.springframework.dao.annotation.PersistenceExceptionTranslationPostProcessor" />
		
	<bean id="dataSource" class="org.apache.commons.dbcp2.BasicDataSource"
		destroy-method="close">
		<property name="driverClassName" value="com.mysql.jdbc.Driver" />
		<property name="url" value="jdbc:mysql://localhost:3311/mavengitdb" />
		<property name="username" value="root" />
		<property name="password" value="root" />
	</bean>
	
	<bean id="homeAction" class="com.tcs.experian.mavengit.web.action.HomeAction" singleton="false">
		<property name="userService" ref="userService" />
	</bean>
	
	<bean id="userService" class="com.tcs.experian.mavengit.app.service.UserServiceImpl" singleton="false">
		<property name="userDao" ref="userDao" />
	</bean>
	
	<bean id="userDao" class="com.tcs.experian.mavengit.app.dao.UserDaoImpl" singleton="false">
		<property name="hibernateTemplate" ref="hibernateTemplate"/>
	</bean>
</beans>